{"m_DefineSymbols":{"m_Value":{"Android":"PHOTON_UNITY_NETWORKING;PUN_2_0_OR_NEWER;PUN_2_OR_NEWER;PUN_2_19_OR_NEWER","EmbeddedLinux":"PHOTON_UNITY_NETWORKING;PUN_2_0_OR_NEWER;PUN_2_OR_NEWER;PUN_2_19_OR_NEWER","GameCoreScarlett":"PHOTON_UNITY_NETWORKING;PUN_2_0_OR_NEWER;PUN_2_OR_NEWER;PUN_2_19_OR_NEWER","GameCoreXboxOne":"PHOTON_UNITY_NETWORKING;PUN_2_0_OR_NEWER;PUN_2_OR_NEWER;PUN_2_19_OR_NEWER","LinuxHeadlessSimulation":"PHOTON_UNITY_NETWORKING;PUN_2_0_OR_NEWER;PUN_2_OR_NEWER;PUN_2_19_OR_NEWER","Lumin":"PHOTON_UNITY_NETWORKING;PUN_2_0_OR_NEWER;PUN_2_OR_NEWER;PUN_2_19_OR_NEWER","Nintendo Switch":"PHOTON_UNITY_NETWORKING;PUN_2_0_OR_NEWER;PUN_2_OR_NEWER;PUN_2_19_OR_NEWER","PS4":"PHOTON_UNITY_NETWORKING;PUN_2_0_OR_NEWER;PUN_2_OR_NEWER;PUN_2_19_OR_NEWER","PS5":"PHOTON_UNITY_NETWORKING;PUN_2_0_OR_NEWER;PUN_2_OR_NEWER;PUN_2_19_OR_NEWER","Stadia":"PHOTON_UNITY_NETWORKING;PUN_2_0_OR_NEWER;PUN_2_OR_NEWER;PUN_2_19_OR_NEWER","Standalone":"PHOTON_UNITY_NETWORKING;PUN_2_0_OR_NEWER;PUN_2_OR_NEWER;PUN_2_19_OR_NEWER","WebGL":"PHOTON_UNITY_NETWORKING;PUN_2_0_OR_NEWER;PUN_2_OR_NEWER;PUN_2_19_OR_NEWER","Windows Store Apps":"PHOTON_UNITY_NETWORKING;PUN_2_0_OR_NEWER;PUN_2_OR_NEWER;PUN_2_19_OR_NEWER","XboxOne":"PHOTON_UNITY_NETWORKING;PUN_2_0_OR_NEWER;PUN_2_OR_NEWER;PUN_2_19_OR_NEWER","iPhone":"PHOTON_UNITY_NETWORKING;PUN_2_0_OR_NEWER;PUN_2_OR_NEWER;PUN_2_19_OR_NEWER","tvOS":"PHOTON_UNITY_NETWORKING;PUN_2_0_OR_NEWER;PUN_2_OR_NEWER;PUN_2_19_OR_NEWER"},"m_Initialized":true},"m_AllowUnsafeCode":{"m_Value":false,"m_Initialized":false},"m_ScriptDebugInfoEnabled":{"m_Value":false,"m_Initialized":true}}